{"stats":{"minecraft:picked_up":{"minecraft:raw_iron":13,"minecraft:crafting_table":1,"minecraft:wooden_pickaxe":1,"minecraft:smoker":1,"minecraft:porkchop":3,"minecraft:stripped_spruce_log":5,"minecraft:white_bed":2,"minecraft:spruce_log":7,"minecraft:red_bed":1,"minecraft:dirt":23,"minecraft:blue_bed":3,"minecraft:white_carpet":1,"minecraft:rotten_flesh":7,"minecraft:iron_ingot":2,"minecraft:rabbit":1,"minecraft:coal":29,"minecraft:cobblestone":48},"minecraft:used":{"minecraft:stone_pickaxe":53,"minecraft:bread":2,"minecraft:wooden_pickaxe":26,"minecraft:blue_bed":1,"minecraft:stone_axe":20,"minecraft:dirt":11,"minecraft:white_carpet":1,"minecraft:crafting_table":2,"minecraft:furnace":1,"minecraft:cooked_porkchop":2,"minecraft:potato":4,"minecraft:smoker":1},"minecraft:dropped":{"minecraft:rotten_flesh":7,"minecraft:wooden_pickaxe":2,"minecraft:coal":3},"minecraft:mined":{"minecraft:white_bed":2,"minecraft:red_bed":1,"minecraft:iron_ore":13,"minecraft:smoker":1,"minecraft:spruce_log":7,"minecraft:crafting_table":1,"minecraft:short_grass":1,"minecraft:coal_ore":21,"minecraft:grass_block":5,"minecraft:dirt":18,"minecraft:stone":44,"minecraft:blue_bed":4},"minecraft:custom":{"minecraft:time_since_rest":4740,"minecraft:interact_with_furnace":22,"minecraft:sprint_one_cm":50365,"minecraft:damage_taken":210,"minecraft:walk_one_cm":22388,"minecraft:mob_kills":7,"minecraft:drop":6,"minecraft:damage_dealt":1313,"minecraft:talked_to_villager":1,"minecraft:interact_with_crafting_table":9,"minecraft:fly_one_cm":93846,"minecraft:open_barrel":3,"minecraft:open_chest":3,"minecraft:crouch_one_cm":949,"minecraft:play_time":15382,"minecraft:sneak_time":701,"minecraft:jump":405,"minecraft:time_since_death":15382,"minecraft:interact_with_smoker":4,"minecraft:sleep_in_bed":1,"minecraft:total_world_time":15382,"minecraft:fall_one_cm":7168},"minecraft:killed":{"minecraft:zombie":6,"minecraft:pig":1},"minecraft:crafted":{"minecraft:cooked_porkchop":3,"minecraft:crafting_table":1,"minecraft:spruce_planks":28,"minecraft:stick":8,"minecraft:iron_ingot":7,"minecraft:wooden_pickaxe":1,"minecraft:stone_pickaxe":1,"minecraft:iron_leggings":1,"minecraft:furnace":2,"minecraft:cooked_rabbit":1,"minecraft:stone_axe":1,"minecraft:air":0,"minecraft:smoker":1}},"DataVersion":3955}