{"stats":{"minecraft:picked_up":{"minecraft:crafting_table":3,"minecraft:wooden_pickaxe":1,"minecraft:smoker":1,"minecraft:golden_sword":1,"minecraft:blue_bed":3,"minecraft:dirt":27,"minecraft:red_bed":1,"minecraft:white_carpet":1,"minecraft:iron_ingot":3,"minecraft:rabbit":1,"minecraft:furnace":2,"minecraft:raw_iron":13,"minecraft:cooked_porkchop":1,"minecraft:porkchop":3,"minecraft:stripped_spruce_log":5,"minecraft:white_bed":2,"minecraft:spruce_log":13,"minecraft:rotten_flesh":7,"minecraft:coal":35,"minecraft:cobblestone":49},"minecraft:used":{"minecraft:stone_pickaxe":54,"minecraft:wooden_pickaxe":26,"minecraft:shield":2,"minecraft:blue_bed":1,"minecraft:dirt":18,"minecraft:white_carpet":1,"minecraft:crafting_table":3,"minecraft:red_bed":1,"minecraft:smoker":1,"minecraft:bread":2,"minecraft:iron_pickaxe":9,"minecraft:stone_axe":33,"minecraft:furnace":1,"minecraft:cooked_porkchop":3,"minecraft:cooked_rabbit":1,"minecraft:cooked_beef":2,"minecraft:potato":4},"minecraft:dropped":{"minecraft:cooked_porkchop":1,"minecraft:rotten_flesh":7,"minecraft:coal":3,"minecraft:golden_sword":1,"minecraft:wooden_pickaxe":2,"minecraft:stone_pickaxe":1},"minecraft:killed_by":{"minecraft:piglin_brute":1},"minecraft:mined":{"minecraft:white_bed":2,"minecraft:red_bed":1,"minecraft:smoker":1,"minecraft:crafting_table":3,"minecraft:short_grass":1,"minecraft:grass_block":5,"minecraft:blue_bed":4,"minecraft:furnace":2,"minecraft:iron_ore":13,"minecraft:spruce_log":13,"minecraft:coal_ore":28,"minecraft:dirt":18,"minecraft:stone":45},"minecraft:custom":{"minecraft:interact_with_furnace":25,"minecraft:mob_kills":9,"minecraft:interact_with_crafting_table":11,"minecraft:open_barrel":3,"minecraft:bell_ring":1,"minecraft:leave_game":1,"minecraft:time_since_death":415,"minecraft:sleep_in_bed":4,"minecraft:time_since_rest":454,"minecraft:sprint_one_cm":86855,"minecraft:damage_taken":726,"minecraft:walk_one_cm":63068,"minecraft:damage_blocked_by_shield":125,"minecraft:drop":9,"minecraft:damage_dealt":1533,"minecraft:talked_to_villager":1,"minecraft:fly_one_cm":184444,"minecraft:open_chest":3,"minecraft:crouch_one_cm":6054,"minecraft:play_time":32822,"minecraft:deaths":1,"minecraft:sneak_time":2018,"minecraft:jump":733,"minecraft:walk_on_water_one_cm":241,"minecraft:total_world_time":32822,"minecraft:interact_with_smoker":4,"minecraft:fall_one_cm":17326},"minecraft:killed":{"minecraft:piglin":2,"minecraft:pig":1,"minecraft:zombie":6},"minecraft:crafted":{"minecraft:cooked_porkchop":3,"minecraft:crafting_table":1,"minecraft:spruce_planks":52,"minecraft:wooden_pickaxe":1,"minecraft:furnace":2,"minecraft:stone_axe":1,"minecraft:air":0,"minecraft:shield":1,"minecraft:stick":8,"minecraft:iron_ingot":10,"minecraft:iron_pickaxe":1,"minecraft:stone_pickaxe":1,"minecraft:iron_leggings":1,"minecraft:cooked_rabbit":1,"minecraft:smoker":1}},"DataVersion":3955}