{"stats":{"minecraft:picked_up":{"minecraft:white_bed":1,"minecraft:spruce_log":7,"minecraft:dirt":1,"minecraft:red_bed":1},"minecraft:used":{"minecraft:dirt":1},"minecraft:mined":{"minecraft:grass_block":1,"minecraft:white_bed":1,"minecraft:red_bed":1,"minecraft:spruce_log":7},"minecraft:custom":{"minecraft:open_barrel":3,"minecraft:time_since_rest":3382,"minecraft:open_chest":2,"minecraft:play_time":3382,"minecraft:sprint_one_cm":15108,"minecraft:damage_taken":12,"minecraft:walk_one_cm":3658,"minecraft:sneak_time":1,"minecraft:jump":134,"minecraft:damage_dealt":10,"minecraft:time_since_death":3382,"minecraft:total_world_time":3382,"minecraft:interact_with_crafting_table":1,"minecraft:talked_to_villager":1,"minecraft:fall_one_cm":2535,"minecraft:fly_one_cm":29207},"minecraft:crafted":{"minecraft:spruce_planks":28,"minecraft:stick":4,"minecraft:wooden_pickaxe":1}},"DataVersion":3955}