{"stats":{"minecraft:picked_up":{"minecraft:raw_iron":6,"minecraft:crafting_table":2,"minecraft:stripped_spruce_log":17,"minecraft:spruce_sapling":1,"minecraft:spruce_log":6,"minecraft:dirt":6,"minecraft:red_bed":2,"minecraft:lantern":4,"minecraft:white_carpet":1,"minecraft:bone":1,"minecraft:rotten_flesh":7,"minecraft:rabbit_hide":3,"minecraft:iron_ingot":4,"minecraft:poppy":2,"minecraft:rabbit":3,"minecraft:coal":25,"minecraft:cobblestone":10,"minecraft:furnace":6},"minecraft:used":{"minecraft:stone_sword":5,"minecraft:rabbit":1,"minecraft:lantern":3,"minecraft:stone_pickaxe":7,"minecraft:shield":1,"minecraft:iron_pickaxe":34,"minecraft:spruce_planks":41,"minecraft:wooden_pickaxe":11,"minecraft:rotten_flesh":7,"minecraft:stone_axe":29,"minecraft:dirt":6,"minecraft:white_carpet":1,"minecraft:crafting_table":2,"minecraft:red_bed":1,"minecraft:furnace":4,"minecraft:cooked_rabbit":2},"minecraft:dropped":{"minecraft:iron_ingot":2,"minecraft:stripped_spruce_log":5,"minecraft:wooden_pickaxe":1,"minecraft:coal":9},"minecraft:mined":{"minecraft:furnace":6,"minecraft:red_bed":2,"minecraft:iron_ore":6,"minecraft:fire":1,"minecraft:white_carpet":1,"minecraft:spruce_log":6,"minecraft:stripped_spruce_log":17,"minecraft:crafting_table":2,"minecraft:coal_ore":21,"minecraft:grass_block":2,"minecraft:lantern":4,"minecraft:dirt":4,"minecraft:spruce_leaves":6,"minecraft:stone":11},"minecraft:custom":{"minecraft:time_since_rest":4740,"minecraft:interact_with_furnace":19,"minecraft:sprint_one_cm":60954,"minecraft:damage_taken":265,"minecraft:walk_one_cm":25754,"minecraft:damage_blocked_by_shield":30,"minecraft:mob_kills":3,"minecraft:drop":5,"minecraft:damage_dealt":1252,"minecraft:talked_to_villager":1,"minecraft:interact_with_crafting_table":7,"minecraft:fly_one_cm":120886,"minecraft:open_chest":3,"minecraft:crouch_one_cm":1979,"minecraft:play_time":17117,"minecraft:sneak_time":1180,"minecraft:jump":609,"minecraft:interact_with_smoker":2,"minecraft:time_since_death":17117,"minecraft:sleep_in_bed":1,"minecraft:total_world_time":17117,"minecraft:fall_one_cm":16549},"minecraft:killed":{"minecraft:skeleton":1,"minecraft:rabbit":1,"minecraft:iron_golem":1},"minecraft:crafted":{"minecraft:shield":1,"minecraft:crafting_table":1,"minecraft:spruce_planks":64,"minecraft:stick":12,"minecraft:iron_ingot":8,"minecraft:iron_pickaxe":1,"minecraft:wooden_pickaxe":1,"minecraft:stone_pickaxe":1,"minecraft:stone_sword":1,"minecraft:bucket":1,"minecraft:torch":12,"minecraft:stone_axe":1,"minecraft:cooked_rabbit":2,"minecraft:air":0}},"DataVersion":3955}