{"stats":{"minecraft:picked_up":{"minecraft:crafting_table":2,"minecraft:potato":4,"minecraft:gilded_blackstone":1,"minecraft:dirt":18,"minecraft:red_bed":2,"minecraft:lantern":6,"minecraft:white_carpet":1,"minecraft:bone":1,"minecraft:gold_nugget":8,"minecraft:spruce_planks":16,"minecraft:rabbit_hide":3,"minecraft:iron_ingot":4,"minecraft:poppy":6,"minecraft:rabbit":3,"minecraft:furnace":7,"minecraft:raw_iron":6,"minecraft:cooked_porkchop":1,"minecraft:spruce_fence":1,"minecraft:stripped_spruce_log":31,"minecraft:spruce_sapling":1,"minecraft:carrot":5,"minecraft:spruce_log":6,"minecraft:white_bed":2,"minecraft:rotten_flesh":7,"minecraft:baked_potato":1,"minecraft:coal":37,"minecraft:cobblestone":17},"minecraft:used":{"minecraft:water_bucket":16,"minecraft:stone_sword":6,"minecraft:rabbit":1,"minecraft:stone_pickaxe":7,"minecraft:baked_potato":4,"minecraft:wooden_pickaxe":11,"minecraft:spruce_planks":88,"minecraft:shield":5,"minecraft:rotten_flesh":7,"minecraft:dirt":16,"minecraft:white_carpet":1,"minecraft:crafting_table":2,"minecraft:red_bed":3,"minecraft:carrot":5,"minecraft:lava_bucket":33,"minecraft:lantern":3,"minecraft:iron_pickaxe":49,"minecraft:stone_axe":76,"minecraft:furnace":5,"minecraft:cooked_rabbit":2,"minecraft:bucket":50,"minecraft:cooked_beef":1,"minecraft:bone_meal":3},"minecraft:dropped":{"minecraft:iron_ingot":2,"minecraft:stripped_spruce_log":5,"minecraft:cooked_porkchop":1,"minecraft:spruce_fence":1,"minecraft:coal":9,"minecraft:poppy":2,"minecraft:wooden_pickaxe":1},"minecraft:killed_by":{"minecraft:piglin_brute":1},"minecraft:custom":{"minecraft:interact_with_furnace":24,"minecraft:mob_kills":5,"minecraft:interact_with_crafting_table":7,"minecraft:leave_game":3,"minecraft:time_since_death":1061,"minecraft:sleep_in_bed":2,"minecraft:time_since_rest":1084,"minecraft:sprint_one_cm":105044,"minecraft:damage_taken":1725,"minecraft:walk_one_cm":76316,"minecraft:damage_blocked_by_shield":280,"minecraft:drop":9,"minecraft:damage_dealt":1811,"minecraft:talked_to_villager":1,"minecraft:fly_one_cm":178690,"minecraft:open_chest":3,"minecraft:crouch_one_cm":10245,"minecraft:play_time":37065,"minecraft:deaths":4,"minecraft:sneak_time":4676,"minecraft:walk_under_water_one_cm":39,"minecraft:jump":874,"minecraft:walk_on_water_one_cm":683,"minecraft:interact_with_smoker":2,"minecraft:total_world_time":37065,"minecraft:fall_one_cm":26644},"minecraft:mined":{"minecraft:nether_gold_ore":3,"minecraft:spruce_planks":17,"minecraft:white_bed":2,"minecraft:red_bed":2,"minecraft:crafting_table":2,"minecraft:grass_block":17,"minecraft:spruce_fence":2,"minecraft:poppy":2,"minecraft:cobblestone":1,"minecraft:spruce_leaves":6,"minecraft:gilded_blackstone":1,"minecraft:furnace":7,"minecraft:carrots":1,"minecraft:iron_ore":6,"minecraft:fire":4,"minecraft:white_carpet":1,"minecraft:spruce_log":6,"minecraft:stripped_spruce_log":31,"minecraft:potatoes":1,"minecraft:coal_ore":21,"minecraft:lantern":4,"minecraft:dirt":6,"minecraft:stone":19},"minecraft:killed":{"minecraft:piglin":1,"minecraft:iron_golem":1,"minecraft:rabbit":1,"minecraft:skeleton":1},"minecraft:crafted":{"minecraft:red_dye":2,"minecraft:crafting_table":1,"minecraft:spruce_planks":128,"minecraft:wooden_pickaxe":1,"minecraft:baked_potato":3,"minecraft:red_bed":2,"minecraft:bone_meal":3,"minecraft:bucket":1,"minecraft:stone_axe":1,"minecraft:air":0,"minecraft:shield":1,"minecraft:stick":12,"minecraft:iron_ingot":8,"minecraft:iron_pickaxe":1,"minecraft:stone_pickaxe":1,"minecraft:stone_sword":1,"minecraft:torch":12,"minecraft:cooked_rabbit":2}},"DataVersion":3955}