{"stats":{"minecraft:picked_up":{"minecraft:crafting_table":1,"minecraft:spruce_sapling":1,"minecraft:spruce_log":6,"minecraft:dirt":6,"minecraft:red_bed":1,"minecraft:white_carpet":1,"minecraft:rabbit_hide":1,"minecraft:rabbit":1,"minecraft:cobblestone":8,"minecraft:furnace":2},"minecraft:used":{"minecraft:stone_sword":1,"minecraft:rabbit":1,"minecraft:stone_pickaxe":3,"minecraft:wooden_pickaxe":11,"minecraft:stone_axe":1,"minecraft:dirt":2,"minecraft:crafting_table":1},"minecraft:mined":{"minecraft:furnace":2,"minecraft:red_bed":1,"minecraft:white_carpet":1,"minecraft:spruce_log":6,"minecraft:crafting_table":1,"minecraft:grass_block":2,"minecraft:dirt":4,"minecraft:spruce_leaves":6,"minecraft:stone":8},"minecraft:custom":{"minecraft:time_since_rest":5117,"minecraft:interact_with_furnace":1,"minecraft:sprint_one_cm":19401,"minecraft:damage_taken":90,"minecraft:walk_one_cm":5549,"minecraft:mob_kills":1,"minecraft:damage_dealt":42,"minecraft:interact_with_crafting_table":2,"minecraft:fly_one_cm":33454,"minecraft:open_chest":1,"minecraft:crouch_one_cm":854,"minecraft:play_time":5117,"minecraft:sneak_time":561,"minecraft:jump":194,"minecraft:time_since_death":5117,"minecraft:total_world_time":5117,"minecraft:fall_one_cm":6203},"minecraft:killed":{"minecraft:rabbit":1},"minecraft:crafted":{"minecraft:crafting_table":1,"minecraft:spruce_planks":24,"minecraft:stick":8,"minecraft:wooden_pickaxe":1,"minecraft:stone_pickaxe":1,"minecraft:stone_sword":1,"minecraft:stone_axe":1}},"DataVersion":3955}